date,holiday_name
2026-01-14,Uttarayan
2026-01-26,Republic Day
2026-03-04,Holi
2026-03-19,Cheti Chand
2026-03-21,Eid al-Fitr
2026-03-26,Ram Navami
2026-03-31,Mahavira's Birthday
2026-04-03,Good Friday
2026-04-14,Dr. B. R. Ambedkar's Birthday
2026-04-19,Lord Shri Parshuram's Birthday
2026-05-01,Buddha Purnima
2026-05-27,Eid al-Adha
2026-06-26,Ashura
2026-08-15,Independence Day; Parsi New Year (Shahenshahi)
2026-08-26,Prophet's Birthday
2026-08-28,Raksha Bandhan
2026-09-04,Janmashtami (Vaishnava)
2026-09-15,Samvatsari Day
2026-10-02,Mahatma Gandhi's Birthday
2026-10-20,Dussehra
2026-10-31,Sardar Vallabhbhai Patel's Birthday
2026-11-08,Diwali (Deepavali)
2026-11-10,Gujarati New Year
2026-11-11,Bhai Duj
2026-11-24,Guru Nanak's Birthday
2026-12-25,Christmas
